name,avg,0,1,2,3,4
python,9.213722475600662,8.393929826001113,9.726686737998534,8.99112480900294,10.480991571999766,8.475879433000955
pypy,1.1495568085993,1.2804814449991682,1.1074376129981829,1.1249687240015191,1.1257103779971658,1.109185883000464
cython,0.8266122314009408,0.7374277859998983,0.7716069670022989,0.7799114180015749,0.9955494899986661,0.8485654960022657
cpp,0.3534149068000261,0.37583487599840737,0.35181606200058013,0.3353019569985918,0.34263303500119946,0.36148860400135163
